open,high,low,close,volume,closeTime
0.17524,0.17568,0.1751,0.1754,111428,1759103399999
0.17536,0.1759,0.17528,0.17571,157033,1759103459999
0.17573,0.17629,0.17542,0.17564,275247,1759103519999
0.17566,0.17688,0.17543,0.17648,347501,1759103579999
0.17642,0.1766,0.17585,0.17616,194895,1759103639999
0.17619,0.17659,0.17609,0.17648,177584,1759103699999
0.17652,0.1768,0.17591,0.1762,188036,1759103759999
0.1762,0.17674,0.17588,0.17631,268891,1759103819999
0.17639,0.1776,0.17639,0.17704,374525,1759103879999
0.17707,0.17732,0.17647,0.17648,153220,1759103939999
0.17648,0.17682,0.17642,0.17664,94054,1759103999999
0.17662,0.17677,0.17584,0.1759,438952,1759104059999
0.17597,0.17738,0.1759,0.17737,505712,1759104119999
0.17736,0.17774,0.17713,0.17749,288796,1759104179999
0.17749,0.17778,0.17714,0.17727,195004,1759104239999
0.17727,0.17765,0.1768,0.1773,207580,1759104299999
0.17729,0.18019,0.17729,0.17966,560276,1759104359999
0.17972,0.17987,0.1782,0.17855,324526,1759104419999
0.17854,0.17887,0.17815,0.17845,311654,1759104479999
0.17848,0.17915,0.17844,0.17896,143822,1759104539999
0.17892,0.17928,0.17888,0.17896,282647,1759104599999
0.17896,0.19039,0.17894,0.18658,4795333,1759104659999
0.18662,0.18666,0.18551,0.18627,848086,1759104719999
0.18627,0.18663,0.18521,0.1856,472451,1759104779999
0.18554,0.19027,0.18508,0.18736,2467412,1759104839999
0.18745,0.18871,0.18742,0.18821,1004745,1759104899999
0.18816,0.191,0.18669,0.18961,2045226,1759104959999
0.18964,0.18998,0.18773,0.18824,729428,1759105019999
0.18824,0.18824,0.1868,0.18702,385874,1759105079999
0.18695,0.1871,0.18516,0.18548,380315,1759105139999
0.18538,0.18696,0.18535,0.1862,533608,1759105199999
0.18614,0.18771,0.18607,0.18756,207548,1759105259999
0.18751,0.18788,0.18715,0.18734,232085,1759105319999
0.18725,0.18833,0.18724,0.18761,363560,1759105379999
0.18761,0.18789,0.18698,0.18709,202628,1759105439999
0.18709,0.18727,0.18678,0.18711,103610,1759105499999
0.18705,0.1876,0.18691,0.18752,130452,1759105559999
0.18752,0.18779,0.18685,0.18693,242183,1759105619999
0.18693,0.18694,0.18622,0.18639,263694,1759105679999
0.18646,0.18666,0.18603,0.18636,144583,1759105739999
0.18631,0.18663,0.18626,0.18642,84630,1759105799999
0.18638,0.1886,0.18611,0.18772,388869,1759105859999
0.18767,0.18866,0.18742,0.18817,405678,1759105919999
0.18803,0.18857,0.18785,0.18857,211697,1759105979999
0.18856,0.18886,0.18816,0.1886,163482,1759106039999
0.18857,0.18898,0.18831,0.18884,154570,1759106099999
0.18886,0.18923,0.18869,0.18894,199682,1759106159999
0.18895,0.18895,0.1876,0.18833,293544,1759106219999
0.18832,0.20164,0.18806,0.19774,3672143,1759106279999
0.19775,0.19831,0.19612,0.19685,834410,1759106339999
0.19674,0.19693,0.1952,0.19614,595688,1759106399999
0.19614,0.20084,0.19545,0.1988,1657271,1759106459999
0.1988,0.20016,0.19835,0.19943,806052,1759106519999
0.19931,0.20113,0.1992,0.20098,675095,1759106579999
0.20098,0.20148,0.19997,0.20022,445094,1759106639999
0.20018,0.20063,0.19912,0.19912,363883,1759106699999
0.19919,0.19929,0.19839,0.19925,296504,1759106759999
0.19925,0.20068,0.19912,0.20036,247707,1759106819999
0.20036,0.2004,0.19821,0.19888,346372,1759106879999
0.19889,0.20015,0.19872,0.20001,277871,1759106939999
0.19992,0.2008,0.19941,0.19988,288711,1759106999999
0.19988,0.20038,0.19942,0.2,154484,1759107059999
0.20007,0.20024,0.1995,0.20017,252454,1759107119999
0.20019,0.20176,0.1998,0.20068,676569,1759107179999
0.20074,0.20132,0.20032,0.20072,387568,1759107239999
0.20072,0.20095,0.20019,0.20047,178122,1759107299999
0.20047,0.20096,0.19789,0.19848,582368,1759107359999
0.19849,0.20028,0.19849,0.20028,273544,1759107419999
0.20028,0.20148,0.2002,0.20107,350874,1759107479999
0.201,0.20195,0.20041,0.20165,466243,1759107539999
0.20181,0.20316,0.20071,0.20239,586086,1759107599999
0.20232,0.20424,0.20138,0.20325,708592,1759107659999
0.2033,0.20497,0.20291,0.20378,710982,1759107719999
0.20378,0.20425,0.20345,0.20384,293305,1759107779999
0.20381,0.20417,0.2019,0.2019,549257,1759107839999
0.20203,0.20375,0.20193,0.2036,370387,1759107899999
0.2036,0.204,0.20341,0.20372,164480,1759107959999
0.20372,0.20398,0.20321,0.20367,148200,1759108019999
0.20367,0.20409,0.2034,0.20348,218633,1759108079999
0.20348,0.20356,0.20248,0.20276,314655,1759108139999
0.20274,0.20318,0.2024,0.20299,158985,1759108199999
0.20295,0.204,0.20285,0.20357,229477,1759108259999
0.2036,0.20399,0.20277,0.20369,239968,1759108319999
0.20369,0.20492,0.20356,0.20468,325914,1759108379999
0.20462,0.206,0.2046,0.20518,462843,1759108439999
0.20515,0.20569,0.20383,0.20422,272525,1759108499999
0.20424,0.20556,0.20423,0.20449,267585,1759108559999
0.20441,0.20527,0.20376,0.20506,450893,1759108619999
0.20494,0.20498,0.20273,0.20326,301658,1759108679999
0.20326,0.2036,0.20161,0.20271,674610,1759108739999
0.20281,0.20352,0.20236,0.20298,243405,1759108799999
0.20298,0.20343,0.20265,0.20293,200143,1759108859999
0.20299,0.20309,0.20191,0.20273,289980,1759108919999
0.20275,0.20289,0.20114,0.20256,611943,1759108979999
0.20253,0.20253,0.19994,0.201,1091752,1759109039999
0.20106,0.2014,0.19666,0.19919,1163902,1759109099999
0.19916,0.20085,0.19909,0.20014,818232,1759109159999
0.20025,0.20075,0.20005,0.2007,160119,1759109219999
0.20065,0.20137,0.20032,0.20125,267331,1759109279999
0.20127,0.20309,0.20111,0.20245,608443,1759109339999
0.20242,0.20283,0.20214,0.20223,189450,1759109399999
0.20228,0.20279,0.20198,0.20269,221688,1759109459999
0.20275,0.20302,0.2018,0.20263,275638,1759109519999
0.20263,0.20291,0.20052,0.20112,385913,1759109579999
0.2012,0.2012,0.19953,0.20007,632616,1759109639999
0.20013,0.2002,0.19914,0.19969,356458,1759109699999
0.19978,0.19978,0.19915,0.19962,273951,1759109759999
0.19962,0.1998,0.19809,0.19883,693874,1759109819999
0.19884,0.2,0.19839,0.19989,318438,1759109879999
0.19975,0.20122,0.19946,0.20091,459459,1759109939999
0.20087,0.20185,0.20083,0.20144,264795,1759109999999
0.20144,0.20164,0.20088,0.20154,258259,1759110059999
0.20147,0.20154,0.20063,0.20096,203727,1759110119999
0.20091,0.20146,0.20017,0.20045,234268,1759110179999
0.20042,0.20043,0.19912,0.1995,235133,1759110239999
0.1995,0.20008,0.19842,0.19864,493622,1759110299999
0.19864,0.19929,0.19818,0.19886,256452,1759110359999
0.19884,0.19884,0.19636,0.19754,610057,1759110419999
0.19753,0.19754,0.19555,0.19654,852576,1759110479999
0.19659,0.19659,0.19467,0.19495,999870,1759110539999
0.19497,0.19665,0.19456,0.19625,673568,1759110599999
0.19628,0.20062,0.19572,0.2001,1048015,1759110659999
0.20007,0.20014,0.1977,0.19886,765750,1759110719999
0.19883,0.19883,0.19767,0.19826,287288,1759110779999
0.1982,0.1982,0.19671,0.19714,281281,1759110839999
0.1972,0.19747,0.19615,0.19646,325555,1759110899999
0.19641,0.19668,0.19584,0.1962,310856,1759110959999
0.19634,0.19694,0.19605,0.19694,302125,1759111019999
0.19685,0.19714,0.196,0.196,146556,1759111079999
0.19598,0.19659,0.1959,0.19638,217266,1759111139999
0.19634,0.19684,0.19604,0.19684,154245,1759111199999
0.19684,0.19724,0.19633,0.19702,538808,1759111259999
0.19698,0.19741,0.19634,0.19636,514159,1759111319999
0.19634,0.19744,0.19615,0.19712,643311,1759111379999
0.19714,0.19881,0.19714,0.19777,496753,1759111439999
0.19777,0.19864,0.19756,0.19839,191443,1759111499999
0.19835,0.19985,0.1982,0.19958,447974,1759111559999
0.19955,0.19995,0.19899,0.19926,267907,1759111619999
0.19917,0.19936,0.19837,0.19838,244991,1759111679999
0.19838,0.19854,0.19788,0.19797,335019,1759111739999
0.19799,0.19844,0.19777,0.1978,197705,1759111799999
0.19781,0.19814,0.19736,0.19758,175331,1759111859999
0.19758,0.19785,0.1971,0.19785,247662,1759111919999
0.19786,0.19868,0.19757,0.19782,220004,1759111979999
0.19778,0.19778,0.19742,0.19747,117759,1759112039999
0.19747,0.19772,0.19539,0.19545,752636,1759112099999
0.19548,0.19641,0.19534,0.19582,236045,1759112159999
0.19584,0.19613,0.19531,0.19583,128763,1759112219999
0.19581,0.1962,0.19544,0.19599,96663,1759112279999
0.19599,0.19631,0.1932,0.19366,612921,1759112339999
0.19366,0.19427,0.19329,0.19393,313638,1759112399999
0.19399,0.19407,0.19245,0.19392,375667,1759112459999
0.19398,0.19473,0.19376,0.19424,405370,1759112519999
0.19422,0.19468,0.19372,0.19466,229274,1759112579999
0.19467,0.19516,0.19451,0.1951,253215,1759112639999
0.1951,0.19563,0.19443,0.19464,262541,1759112699999
0.19449,0.19468,0.193,0.19381,340480,1759112759999
0.19382,0.19434,0.19333,0.1942,250736,1759112819999
0.19415,0.19456,0.19374,0.19398,114542,1759112879999
0.19393,0.19425,0.19364,0.19422,81486,1759112939999
0.19426,0.19446,0.19351,0.19377,224872,1759112999999
0.19378,0.195,0.1933,0.19442,249528,1759113059999
0.19442,0.19451,0.19345,0.19423,165578,1759113119999
0.19423,0.1947,0.19384,0.19436,178893,1759113179999
0.19444,0.19511,0.19438,0.19464,127682,1759113239999
0.1947,0.19474,0.19406,0.19445,226604,1759113299999
0.19445,0.19451,0.19384,0.19422,122655,1759113359999
0.1942,0.19452,0.1939,0.1942,142254,1759113419999
0.19423,0.19432,0.19372,0.194,121746,1759113479999
0.19402,0.19412,0.19363,0.1938,88042,1759113539999
0.1938,0.19425,0.19363,0.19385,86739,1759113599999
0.19394,0.19485,0.19393,0.19472,159195,1759113659999
0.19477,0.19678,0.19477,0.19602,365369,1759113719999
0.19602,0.19609,0.19475,0.19523,287495,1759113779999
0.19524,0.19576,0.19424,0.19424,187286,1759113839999
0.19433,0.1945,0.19337,0.1934,277093,1759113899999
0.19345,0.19385,0.19265,0.19292,238403,1759113959999
0.19296,0.19376,0.19232,0.19355,317485,1759114019999
0.19366,0.19401,0.19294,0.19294,223587,1759114079999
0.19297,0.19346,0.19258,0.19304,156250,1759114139999
0.19305,0.19396,0.19292,0.19389,162694,1759114199999
0.19391,0.19402,0.19293,0.19393,161486,1759114259999
0.194,0.19402,0.19317,0.1937,161588,1759114319999
0.19367,0.19397,0.19354,0.19364,72061,1759114379999
0.19371,0.19385,0.19337,0.19368,91302,1759114439999
0.19371,0.19371,0.19343,0.19368,69336,1759114499999
0.19368,0.194,0.19331,0.19341,97830,1759114559999
0.19338,0.19415,0.19318,0.19352,236162,1759114619999
0.19357,0.19449,0.19346,0.19382,182302,1759114679999
0.19382,0.195,0.19368,0.19481,211617,1759114739999
0.19477,0.19603,0.19422,0.19581,287724,1759114799999
0.1957,0.19681,0.19569,0.19638,280050,1759114859999
0.19646,0.19666,0.19573,0.19645,253313,1759114919999
0.19651,0.19678,0.19541,0.19625,257612,1759114979999
0.19613,0.19747,0.19591,0.19735,354776,1759115039999
0.19743,0.19947,0.19743,0.19853,548773,1759115099999
0.19843,0.19909,0.198,0.19814,268307,1759115159999
0.19813,0.1986,0.19777,0.19851,216126,1759115219999
0.19851,0.20018,0.19846,0.19984,439143,1759115279999
0.19986,0.20112,0.19985,0.20052,504845,1759115339999
0.20045,0.20158,0.20043,0.20111,422632,1759115399999
0.20111,0.20138,0.19978,0.19978,391967,1759115459999
0.19984,0.19985,0.199,0.1994,248940,1759115519999
0.19951,0.1997,0.1991,0.19924,146848,1759115579999
0.19926,0.19956,0.199,0.19905,112098,1759115639999
0.19909,0.19963,0.19896,0.19913,270246,1759115699999
0.19914,0.1994,0.19841,0.19924,239119,1759115759999
0.19917,0.2008,0.19916,0.20017,210030,1759115819999
0.20018,0.2004,0.19982,0.2003,107585,1759115879999
0.20032,0.2015,0.20008,0.2002,264714,1759115939999
0.20019,0.20029,0.19974,0.19998,185039,1759115999999
0.1999,0.20023,0.19974,0.19984,114663,1759116059999
0.19986,0.2001,0.19923,0.19955,100361,1759116119999
0.19956,0.19978,0.19839,0.1988,219383,1759116179999
0.19874,0.19911,0.19831,0.19892,214365,1759116239999
0.19887,0.19914,0.19843,0.19875,114742,1759116299999
0.19869,0.19967,0.19851,0.1992,171953,1759116359999
0.19923,0.19958,0.19908,0.19958,49822,1759116419999
0.19953,0.20017,0.19946,0.19947,103483,1759116479999
0.19948,0.20056,0.1992,0.20012,177571,1759116539999
0.20009,0.2005,0.19989,0.20026,132975,1759116599999
0.20024,0.2004,0.19921,0.19976,208274,1759116659999
0.19974,0.19974,0.19921,0.19933,121190,1759116719999
0.19942,0.1998,0.19936,0.19953,115648,1759116779999
0.19953,0.19992,0.19921,0.1993,116697,1759116839999
0.1993,0.20058,0.19926,0.2004,157947,1759116899999
0.20038,0.20356,0.20034,0.2022,675805,1759116959999
0.2022,0.20281,0.20122,0.20181,485054,1759117019999
0.20181,0.20202,0.20088,0.20088,130158,1759117079999
0.20096,0.2012,0.19779,0.199,536074,1759117139999
0.19913,0.19943,0.19787,0.19819,463515,1759117199999
0.19809,0.19862,0.19809,0.19844,129022,1759117259999
0.19845,0.19915,0.198,0.19832,161931,1759117319999
0.19833,0.19862,0.1978,0.1982,246111,1759117379999
0.19827,0.19852,0.19785,0.19815,57690,1759117439999
0.19822,0.19836,0.19791,0.1981,63265,1759117499999
0.19818,0.19833,0.19689,0.19751,319700,1759117559999
0.19746,0.1978,0.19611,0.19755,445703,1759117619999
0.19754,0.19785,0.19729,0.19784,115563,1759117679999
0.19785,0.19838,0.19778,0.19821,162795,1759117739999
0.19831,0.19894,0.1983,0.19892,108035,1759117799999
0.19885,0.202,0.19885,0.20085,537453,1759117859999
0.20082,0.20116,0.20049,0.20079,203782,1759117919999
0.20077,0.20087,0.20032,0.2008,85068,1759117979999
0.20077,0.20105,0.20028,0.20046,77325,1759118039999
0.20041,0.2012,0.20011,0.20064,228564,1759118099999
0.20067,0.20137,0.20057,0.20126,112908,1759118159999
0.20127,0.20132,0.2008,0.2012,64827,1759118219999
0.20122,0.20174,0.20078,0.20159,83706,1759118279999
0.20166,0.20224,0.20159,0.20206,226968,1759118339999
0.20193,0.20199,0.2002,0.20119,225265,1759118399999
0.2012,0.20171,0.20076,0.20152,388687,1759118459999
0.20152,0.20234,0.20089,0.20234,212640,1759118519999
0.20226,0.2041,0.2019,0.20402,567233,1759118579999
0.20393,0.20393,0.20209,0.20226,438357,1759118639999
0.20221,0.20244,0.19847,0.20043,841064,1759118699999
0.20035,0.20077,0.19916,0.19981,379306,1759118759999
0.19983,0.20011,0.19956,0.19969,130506,1759118819999
0.19964,0.19993,0.19924,0.19972,101008,1759118879999
0.19973,0.20027,0.19957,0.19958,138478,1759118939999
0.19958,0.19997,0.19929,0.19949,98169,1759118999999
0.19958,0.20052,0.19956,0.20047,152176,1759119059999
0.20048,0.20266,0.20044,0.20159,315596,1759119119999
0.20156,0.20372,0.20143,0.20333,309235,1759119179999
0.20326,0.20345,0.20254,0.20301,449445,1759119239999
0.20298,0.20343,0.20272,0.20296,133238,1759119299999
0.20295,0.20379,0.2015,0.20259,464742,1759119359999
0.20257,0.20279,0.20112,0.20184,318523,1759119419999
0.20185,0.2021,0.20109,0.20118,118702,1759119479999
0.20121,0.20162,0.20051,0.20051,124920,1759119539999
0.20051,0.20125,0.2,0.20086,418444,1759119599999
0.20083,0.20161,0.20081,0.2011,90794,1759119659999
0.2011,0.20137,0.20042,0.20069,165260,1759119719999
0.20077,0.20176,0.20075,0.20161,166464,1759119779999
0.20156,0.2038,0.20156,0.2031,323450,1759119839999
0.20307,0.20339,0.2028,0.20283,75910,1759119899999
0.20286,0.20304,0.20222,0.20248,209838,1759119959999
0.20251,0.20339,0.20204,0.20238,220847,1759120019999
0.20238,0.2035,0.20238,0.20307,98592,1759120079999
0.20306,0.20343,0.20268,0.2027,105774,1759120139999
0.20283,0.2033,0.20273,0.20292,95394,1759120199999
0.20292,0.20358,0.20279,0.2033,151647,1759120259999
0.20325,0.20361,0.20292,0.20302,164046,1759120319999
0.20302,0.20333,0.20221,0.20276,311510,1759120379999
0.20269,0.2032,0.20222,0.20242,131695,1759120439999
0.20247,0.203,0.20223,0.20266,204687,1759120499999
0.20269,0.2054,0.20264,0.20527,543881,1759120559999
0.20515,0.20533,0.20249,0.20389,527033,1759120619999
0.20389,0.20394,0.20308,0.20349,147134,1759120679999
0.20349,0.20408,0.20347,0.20387,61659,1759120739999
0.20386,0.20452,0.20386,0.20433,206947,1759120799999
0.20438,0.205,0.2043,0.20452,119410,1759120859999
0.20458,0.20499,0.20427,0.20434,146950,1759120919999
0.20442,0.20484,0.20331,0.20402,298461,1759120979999
0.20401,0.20539,0.20401,0.20513,288978,1759121039999
0.20513,0.20631,0.20462,0.2049,535207,1759121099999
0.2049,0.2052,0.2034,0.2036,493246,1759121159999
0.20365,0.20444,0.20352,0.20417,228425,1759121219999
0.20415,0.20461,0.20372,0.20449,170219,1759121279999
0.20454,0.20468,0.20401,0.20456,193352,1759121339999
0.20455,0.20478,0.20423,0.20454,52359,1759121399999
0.20454,0.20464,0.2039,0.20413,153105,1759121459999
0.20412,0.20415,0.20304,0.20319,322512,1759121519999
0.20314,0.2038,0.20308,0.20331,195478,1759121579999
0.20331,0.20351,0.2008,0.20156,940632,1759121639999
0.20157,0.20399,0.20113,0.20211,621132,1759121699999
0.2022,0.20245,0.20162,0.20226,629038,1759121759999
0.20214,0.20363,0.20201,0.20305,295985,1759121819999
0.2031,0.20339,0.20257,0.20295,242089,1759121879999
0.20295,0.20343,0.202,0.2025,380780,1759121939999
0.20252,0.20314,0.20206,0.20245,187820,1759121999999
0.20253,0.20392,0.19935,0.20163,890524,1759122059999
0.20163,0.2019,0.1993,0.20046,540877,1759122119999
0.20048,0.20066,0.19871,0.19888,400463,1759122179999
0.19885,0.19919,0.1972,0.19759,886463,1759122239999
0.19766,0.19797,0.19434,0.19592,1239401,1759122299999
0.19585,0.19616,0.19338,0.19367,652126,1759122359999
0.19377,0.19452,0.19342,0.1936,482411,1759122419999
0.19351,0.19454,0.19302,0.19341,603325,1759122479999
0.1933,0.19426,0.19322,0.19335,266417,1759122539999
0.19347,0.19438,0.19347,0.1942,160104,1759122599999
0.19422,0.19659,0.19422,0.19558,562565,1759122659999
0.19564,0.19802,0.19564,0.1974,439717,1759122719999
0.1973,0.19837,0.1973,0.19828,281401,1759122779999
0.19823,0.19863,0.19803,0.1984,243331,1759122839999
0.19837,0.19875,0.19812,0.19834,112494,1759122899999
0.19829,0.19871,0.19573,0.1969,629514,1759122959999
0.19681,0.19745,0.19497,0.19604,466330,1759123019999
0.19611,0.19624,0.19507,0.19511,237196,1759123079999
0.19512,0.19582,0.19512,0.19582,104235,1759123139999
0.19583,0.19626,0.19583,0.19624,93915,1759123199999
0.19624,0.19624,0.19519,0.19596,326123,1759123259999
0.19603,0.19655,0.1952,0.19581,176264,1759123319999
0.19582,0.19595,0.19506,0.19553,138594,1759123379999
0.19546,0.19646,0.19506,0.1962,341520,1759123439999
0.19619,0.19643,0.19619,0.19638,46349,1759123499999
0.1964,0.19754,0.1964,0.19708,177342,1759123559999
0.19706,0.19717,0.19606,0.19664,303585,1759123619999
0.19664,0.19664,0.19596,0.19656,116524,1759123679999
0.19661,0.19677,0.19633,0.19665,52751,1759123739999
0.19659,0.19757,0.19659,0.1975,148092,1759123799999
0.1975,0.198,0.19661,0.19728,379557,1759123859999
0.19721,0.19893,0.19708,0.19862,235121,1759123919999
0.19856,0.20079,0.19849,0.20065,462236,1759123979999
0.20057,0.20137,0.2005,0.20121,457503,1759124039999
0.20119,0.20121,0.20047,0.20099,292105,1759124099999
0.20089,0.20106,0.20016,0.20034,196245,1759124159999
0.20029,0.2003,0.19938,0.19967,182508,1759124219999
0.1997,0.19994,0.19948,0.19971,75276,1759124279999
0.19974,0.2009,0.19971,0.20078,209937,1759124339999
0.20074,0.20134,0.20038,0.20106,146158,1759124399999
0.20106,0.20165,0.20077,0.2008,257044,1759124459999
0.20078,0.2016,0.20049,0.20156,171867,1759124519999
0.20158,0.20199,0.2008,0.20088,256657,1759124579999
0.20088,0.20178,0.20051,0.20134,138937,1759124639999
0.20126,0.2015,0.20098,0.20147,139269,1759124699999
0.20143,0.20171,0.2005,0.20077,311719,1759124759999
0.20074,0.20111,0.2004,0.20108,130098,1759124819999
0.20111,0.20141,0.19976,0.20026,304155,1759124879999
0.20016,0.20025,0.19951,0.19993,175390,1759124939999
0.19987,0.19987,0.19912,0.1993,162681,1759124999999
0.19932,0.19932,0.1981,0.19878,238334,1759125059999
0.19864,0.19879,0.19825,0.19873,83673,1759125119999
0.19873,0.19875,0.19789,0.19829,154571,1759125179999
0.19822,0.19822,0.19762,0.19788,138619,1759125239999
0.19788,0.19905,0.1978,0.1986,299692,1759125299999
0.19865,0.19878,0.1985,0.19872,48980,1759125359999
0.19878,0.1988,0.19821,0.19859,64804,1759125419999
0.19863,0.19863,0.19792,0.19794,81780,1759125479999
0.19794,0.19794,0.19611,0.19728,452104,1759125539999
0.19723,0.19809,0.19706,0.19753,178520,1759125599999
0.19753,0.20032,0.19725,0.20017,439566,1759125659999
0.20012,0.2002,0.19935,0.19976,490143,1759125719999
0.19968,0.19972,0.19896,0.19958,173674,1759125779999
0.19953,0.19958,0.19863,0.19938,172167,1759125839999
0.19943,0.19967,0.19915,0.19936,90625,1759125899999
0.19931,0.20116,0.1993,0.20051,455339,1759125959999
0.20049,0.20141,0.20035,0.20088,146501,1759126019999
0.20087,0.2014,0.20041,0.20047,196210,1759126079999
0.20042,0.20042,0.20001,0.2004,73231,1759126139999
0.2004,0.20144,0.20025,0.20116,185855,1759126199999
0.20114,0.2013,0.20006,0.20006,196608,1759126259999
0.20004,0.20004,0.1992,0.19927,209800,1759126319999
0.19936,0.19993,0.19916,0.19976,133249,1759126379999
0.19986,0.20105,0.19984,0.20007,246614,1759126439999
0.20006,0.20062,0.19997,0.20059,132376,1759126499999
0.2006,0.201,0.19984,0.19984,186150,1759126559999
0.19987,0.19987,0.19884,0.19884,150336,1759126619999
0.19899,0.19909,0.1982,0.19821,129125,1759126679999
0.19821,0.19826,0.19754,0.19758,162631,1759126739999
0.19768,0.19881,0.19718,0.19873,305221,1759126799999
0.19873,0.19962,0.19871,0.19954,126971,1759126859999
0.19945,0.20047,0.19915,0.20038,145413,1759126919999
0.20037,0.20057,0.19998,0.20041,179261,1759126979999
0.20051,0.2006,0.19965,0.1999,99125,1759127039999
0.19992,0.20016,0.19915,0.19934,164550,1759127099999
0.19935,0.19998,0.19925,0.19937,166489,1759127159999
0.19937,0.19997,0.19917,0.19995,101722,1759127219999
0.19996,0.2001,0.19896,0.19997,254546,1759127279999
0.20002,0.20064,0.19985,0.19987,149687,1759127339999
0.1999,0.20014,0.19947,0.19973,73918,1759127399999
0.19976,0.2005,0.19968,0.19989,216970,1759127459999
0.19989,0.20056,0.19958,0.20038,162321,1759127519999
0.20038,0.20104,0.19992,0.20049,210720,1759127579999
0.2005,0.20153,0.2001,0.20153,214707,1759127639999
0.20154,0.20208,0.20064,0.20105,543434,1759127699999
0.20102,0.2013,0.20066,0.20074,133566,1759127759999
0.20073,0.20073,0.19956,0.20011,350027,1759127819999
0.20003,0.20038,0.19988,0.2002,165570,1759127879999
0.2002,0.20053,0.2,0.20053,115116,1759127939999
0.20053,0.20169,0.20053,0.20144,168062,1759127999999
0.20143,0.2044,0.2012,0.20358,582566,1759128059999
0.20358,0.20403,0.20245,0.20393,443087,1759128119999
0.20404,0.20458,0.20379,0.20406,479712,1759128179999
0.20418,0.20556,0.20388,0.20393,688849,1759128239999
0.204,0.2095,0.20379,0.20792,1065726,1759128299999
0.20775,0.20865,0.20608,0.20649,1074038,1759128359999
0.2065,0.20948,0.20621,0.2086,758716,1759128419999
0.20862,0.20893,0.20718,0.2089,539294,1759128479999
0.20887,0.20979,0.20779,0.20802,491000,1759128539999
0.20804,0.21108,0.20762,0.21007,751668,1759128599999
0.21013,0.2106,0.20269,0.20571,2008017,1759128659999
0.20571,0.20761,0.20482,0.20494,794558,1759128719999
0.20507,0.20533,0.20391,0.20519,421168,1759128779999
0.2052,0.20545,0.20376,0.20499,423216,1759128839999
0.20486,0.20527,0.202,0.20288,767099,1759128899999
0.20296,0.20345,0.20251,0.20337,293756,1759128959999
0.20345,0.20375,0.203,0.20337,138747,1759129019999
0.20337,0.20446,0.20326,0.20441,262213,1759129079999
0.20448,0.2061,0.20448,0.20529,282053,1759129139999
0.2053,0.20535,0.20483,0.20494,182803,1759129199999
0.20494,0.20548,0.20441,0.20486,203342,1759129259999
0.20486,0.20563,0.20225,0.20312,712771,1759129319999
0.20312,0.20386,0.20219,0.20337,235316,1759129379999
0.2033,0.20365,0.20262,0.2034,245277,1759129439999
0.20335,0.20359,0.20297,0.20318,134668,1759129499999
0.20312,0.20312,0.20084,0.20123,575947,1759129559999
0.2014,0.202,0.20075,0.20155,398372,1759129619999
0.20159,0.20165,0.20057,0.20076,204649,1759129679999
0.20084,0.20095,0.20031,0.20068,211641,1759129739999
0.2006,0.20062,0.19614,0.19692,762319,1759129799999
0.19699,0.19927,0.19682,0.19879,627821,1759129859999
0.19884,0.19896,0.1975,0.19765,380099,1759129919999
0.1975,0.19837,0.19712,0.19795,282586,1759129979999
0.19796,0.19815,0.1975,0.19791,228668,1759130039999
0.19789,0.19809,0.19755,0.19767,115831,1759130099999
0.19767,0.19817,0.19661,0.19722,285533,1759130159999
0.19723,0.19819,0.19668,0.1977,263445,1759130219999
0.19776,0.19965,0.19728,0.1991,619581,1759130279999
0.1992,0.20017,0.1992,0.19993,397946,1759130339999
0.19995,0.20018,0.19932,0.19964,240951,1759130399999
0.19959,0.19959,0.1988,0.19912,125040,1759130459999
0.19909,0.19923,0.19873,0.19905,81902,1759130519999
0.19909,0.1991,0.19801,0.19822,111763,1759130579999
0.19809,0.19834,0.19776,0.19787,100754,1759130639999
0.19787,0.19825,0.1977,0.19801,82563,1759130699999
0.19795,0.19812,0.19774,0.19785,88517,1759130759999
0.1978,0.19857,0.19777,0.19829,113229,1759130819999
0.19828,0.1989,0.19815,0.19884,73499,1759130879999
0.1988,0.19919,0.19833,0.19862,187325,1759130939999
0.19857,0.19904,0.1984,0.1984,125075,1759130999999
0.1984,0.19922,0.19806,0.19881,148272,1759131059999
0.19884,0.19964,0.19863,0.19875,192936,1759131119999
0.19871,0.1989,0.19823,0.19885,143725,1759131179999
0.19876,0.1995,0.19849,0.19889,125236,1759131239999
0.19889,0.199,0.19866,0.1987,55250,1759131299999
0.19874,0.19889,0.19637,0.19725,497595,1759131359999
0.19725,0.1977,0.19552,0.19577,473106,1759131419999
0.1957,0.19623,0.19525,0.19603,356155,1759131479999
0.19603,0.19618,0.1955,0.19578,163803,1759131539999
0.19578,0.19578,0.19443,0.19502,347914,1759131599999
0.19502,0.19769,0.19476,0.19692,468934,1759131659999
0.19693,0.19852,0.19693,0.19729,275566,1759131719999
0.19733,0.19834,0.19732,0.19834,94680,1759131779999
0.19828,0.19839,0.19748,0.19755,203223,1759131839999
0.19746,0.19758,0.19693,0.19727,105794,1759131899999
0.1972,0.1972,0.19612,0.1964,198722,1759131959999
0.19642,0.1982,0.19605,0.19802,335745,1759132019999
0.19812,0.19816,0.19733,0.19766,111207,1759132079999
0.19762,0.19806,0.19706,0.19706,161550,1759132139999
0.19717,0.1977,0.19697,0.19751,114564,1759132199999
0.19751,0.1977,0.19685,0.19741,178162,1759132259999
0.19744,0.19748,0.19664,0.19714,124554,1759132319999
0.19712,0.19738,0.19671,0.19705,66839,1759132379999
0.197,0.19737,0.19671,0.19671,76831,1759132439999
0.19672,0.19728,0.19661,0.19708,44578,1759132499999
0.19713,0.19734,0.19686,0.19706,60506,1759132559999
0.19699,0.1975,0.19687,0.19702,57947,1759132619999
0.19694,0.19733,0.19639,0.19663,143768,1759132679999
0.19668,0.1974,0.19668,0.19705,58390,1759132739999
0.19709,0.19818,0.19709,0.19795,128402,1759132799999
0.19798,0.20059,0.19775,0.19987,503608,1759132859999
0.19991,0.20011,0.1985,0.19955,422357,1759132919999
0.19949,0.19997,0.19861,0.19877,167438,1759132979999
0.19877,0.20042,0.19872,0.20024,393080,1759133039999
0.20016,0.201,0.19947,0.19976,416602,1759133099999
0.19977,0.19995,0.19893,0.19918,232329,1759133159999
0.19925,0.20004,0.19917,0.19949,89159,1759133219999
0.19949,0.19964,0.19758,0.19758,293370,1759133279999
0.19768,0.19854,0.19768,0.1985,133391,1759133339999
0.19847,0.19922,0.19842,0.19857,179759,1759133399999
0.19854,0.19905,0.19854,0.19893,55702,1759133459999
0.19896,0.19908,0.19821,0.19834,111949,1759133519999
0.19842,0.19944,0.19842,0.19903,160412,1759133579999
0.19908,0.19944,0.19897,0.19932,130622,1759133639999
0.19936,0.19967,0.19891,0.19955,126281,1759133699999
0.19955,0.20011,0.19916,0.19943,195176,1759133759999
0.19946,0.19979,0.19894,0.19914,197009,1759133819999
0.1991,0.19954,0.19878,0.19952,180104,1759133879999
0.19946,0.19985,0.19904,0.19932,112368,1759133939999
0.19928,0.19955,0.19901,0.19914,71389,1759133999999
0.19914,0.1993,0.19757,0.19822,551061,1759134059999
0.19824,0.19845,0.19763,0.19809,213673,1759134119999
0.19804,0.19829,0.19775,0.19811,95856,1759134179999
0.19818,0.19819,0.1977,0.1977,48726,1759134239999
0.19774,0.19785,0.19723,0.19773,130484,1759134299999
0.19772,0.19841,0.19747,0.19806,169771,1759134359999
0.19813,0.19848,0.19714,0.19718,123807,1759134419999
0.19718,0.1974,0.19662,0.19672,207306,1759134479999
0.19671,0.19678,0.19615,0.19644,182352,1759134539999
0.19648,0.1974,0.19648,0.19663,134402,1759134599999
0.19663,0.19711,0.19658,0.19677,54621,1759134659999
0.19686,0.19698,0.19643,0.19643,61577,1759134719999
0.19645,0.19668,0.19626,0.19659,87488,1759134779999
0.19662,0.19692,0.19621,0.19679,91930,1759134839999
0.19676,0.19808,0.19676,0.198,170807,1759134899999
0.198,0.19995,0.198,0.19957,339550,1759134959999
0.19948,0.19977,0.19894,0.19969,191321,1759135019999
0.19967,0.19971,0.19911,0.19925,216012,1759135079999
0.19925,0.19952,0.19905,0.19952,74965,1759135139999
0.19952,0.20033,0.19952,0.20003,168763,1759135199999
0.19998,0.20098,0.19998,0.20013,126021,1759135259999
0.20009,0.20022,0.19984,0.20008,82402,1759135319999
0.20007,0.20012,0.19902,0.19983,258902,1759135379999
0.19983,0.20017,0.1985,0.1987,201019,1759135439999
0.19862,0.19925,0.19833,0.19895,171177,1759135499999
0.19894,0.19934,0.19863,0.19886,98716,1759135559999
0.19883,0.19986,0.19787,0.1991,314284,1759135619999
0.19911,0.19943,0.19857,0.1986,121126,1759135679999
0.19856,0.19858,0.19755,0.19789,111763,1759135739999
0.19794,0.19824,0.19691,0.19791,228174,1759135799999
0.19792,0.19816,0.19769,0.19776,68617,1759135859999
0.19771,0.19814,0.19766,0.19812,56700,1759135919999
0.19815,0.19895,0.19815,0.19883,136624,1759135979999
0.19889,0.19991,0.19872,0.19886,159365,1759136039999
0.19891,0.19901,0.19732,0.19747,280446,1759136099999
0.19747,0.19751,0.19702,0.19723,168402,1759136159999
0.19729,0.19766,0.19716,0.19745,170049,1759136219999
0.19745,0.19764,0.19578,0.19624,360343,1759136279999
0.19619,0.19651,0.19597,0.19623,212517,1759136339999
0.19628,0.19684,0.19627,0.19642,106333,1759136399999
0.19641,0.19662,0.19453,0.19478,745783,1759136459999
0.19491,0.19541,0.19452,0.19528,229248,1759136519999
0.19525,0.19539,0.19313,0.1932,713106,1759136579999
0.19323,0.19414,0.19273,0.19309,675842,1759136639999
0.19307,0.19404,0.19276,0.19392,264246,1759136699999
0.19395,0.19451,0.19377,0.19415,163561,1759136759999
0.1941,0.19497,0.194,0.1946,252013,1759136819999
0.1946,0.19466,0.19375,0.19414,328345,1759136879999
0.1941,0.19417,0.1926,0.19301,397619,1759136939999
0.19301,0.19496,0.193,0.19414,315754,1759136999999
0.19423,0.19444,0.19402,0.19405,103052,1759137059999
0.19407,0.19425,0.1935,0.1936,118220,1759137119999
0.1936,0.19371,0.19321,0.1934,140588,1759137179999
0.19341,0.19384,0.1934,0.1935,157124,1759137239999
0.19354,0.19396,0.19354,0.19371,88392,1759137299999
0.19372,0.19455,0.19346,0.19447,171151,1759137359999
0.1945,0.19734,0.19431,0.19734,447355,1759137419999
0.19727,0.19798,0.19711,0.19756,352149,1759137479999
0.1976,0.1976,0.196,0.19646,474592,1759137539999
0.19652,0.201,0.19646,0.20081,1251412,1759137599999
0.20079,0.20188,0.20031,0.20048,890412,1759137659999
0.20061,0.2018,0.1996,0.20131,784743,1759137719999
0.20126,0.20329,0.20118,0.20228,547012,1759137779999
0.20228,0.204,0.20219,0.20356,544297,1759137839999
0.20352,0.20495,0.2029,0.2047,589635,1759137899999
0.20473,0.20484,0.20152,0.20278,789177,1759137959999
0.20278,0.20366,0.20188,0.20223,488415,1759138019999
0.20224,0.20277,0.2021,0.20231,190479,1759138079999
0.20226,0.20313,0.20167,0.20214,320219,1759138139999
0.20197,0.20247,0.20166,0.20232,308393,1759138199999
0.20229,0.20316,0.2011,0.20311,346769,1759138259999
0.20294,0.20295,0.2019,0.2024,184528,1759138319999
0.20241,0.203,0.20225,0.20295,83410,1759138379999
0.20295,0.20331,0.20241,0.20294,184633,1759138439999
0.20295,0.20322,0.202,0.203,223228,1759138499999
0.20303,0.20334,0.20262,0.20319,86431,1759138559999
0.20321,0.204,0.20304,0.2032,260307,1759138619999
0.20316,0.20357,0.20311,0.20322,95464,1759138679999
0.20325,0.20352,0.20266,0.20321,108015,1759138739999
0.20327,0.20473,0.20327,0.20469,279881,1759138799999
0.20473,0.20572,0.20473,0.20473,223667,1759138859999
0.20486,0.20531,0.2048,0.20514,83978,1759138919999
0.20514,0.20548,0.20502,0.20521,88414,1759138979999
0.2053,0.20546,0.20194,0.20231,736990,1759139039999
0.20231,0.203,0.2022,0.2024,188194,1759139099999
0.2024,0.20363,0.20207,0.20311,155481,1759139159999
0.20314,0.20319,0.20176,0.20261,215584,1759139219999
0.2026,0.20262,0.2021,0.20224,119487,1759139279999
0.20233,0.20334,0.20229,0.20331,82889,1759139339999
0.20331,0.20429,0.20293,0.20338,237084,1759139399999
0.20338,0.20338,0.20268,0.20287,54890,1759139459999
0.20292,0.20326,0.20277,0.20286,79500,1759139519999
0.2029,0.20362,0.20281,0.20331,68786,1759139579999
0.20329,0.20439,0.20329,0.20357,261671,1759139639999
0.20356,0.20356,0.20277,0.20308,93816,1759139699999
0.20312,0.20346,0.20309,0.20343,41902,1759139759999
0.20342,0.20493,0.20342,0.20461,247198,1759139819999
0.20452,0.20452,0.20355,0.20367,83727,1759139879999
0.20373,0.20377,0.20301,0.20307,89279,1759139939999
0.20306,0.20306,0.201,0.20196,480784,1759139999999
0.20197,0.20314,0.20157,0.20314,187068,1759140059999
0.20311,0.20311,0.20183,0.2029,286278,1759140119999
0.20292,0.203,0.20137,0.20268,416570,1759140179999
0.20257,0.20263,0.20191,0.20235,346875,1759140239999
0.20235,0.2029,0.20217,0.20275,175558,1759140299999
0.20276,0.20327,0.20251,0.20276,225763,1759140359999
0.20272,0.20301,0.20224,0.20257,87393,1759140419999
0.20257,0.20383,0.20253,0.20356,159052,1759140479999
0.20345,0.20372,0.20321,0.20346,93803,1759140539999
0.20343,0.20343,0.203,0.20321,88460,1759140599999
0.20321,0.2033,0.2022,0.20222,130941,1759140659999
0.20226,0.20232,0.2009,0.20116,338148,1759140719999
0.20123,0.20194,0.2009,0.20151,230254,1759140779999
0.20143,0.20143,0.20091,0.20096,91719,1759140839999
0.20098,0.20098,0.2,0.20073,302557,1759140899999
0.20065,0.2013,0.20045,0.20061,191865,1759140959999
0.20063,0.20071,0.19953,0.19977,361956,1759141019999
0.19977,0.19977,0.1985,0.19883,438869,1759141079999
0.19883,0.19883,0.19766,0.19818,431225,1759141139999
0.19817,0.19849,0.19791,0.19847,208209,1759141199999
0.19848,0.19895,0.19809,0.19848,230353,1759141259999
0.19841,0.19906,0.19809,0.19883,251373,1759141319999
0.19883,0.19883,0.1971,0.19774,360429,1759141379999
0.19769,0.19769,0.1968,0.1973,259673,1759141439999
0.1973,0.19865,0.19722,0.19762,266425,1759141499999
0.19762,0.19792,0.19719,0.19778,166356,1759141559999
0.19773,0.19865,0.19771,0.1983,163421,1759141619999
0.19819,0.19904,0.19811,0.19848,130617,1759141679999
0.19847,0.19847,0.19758,0.1976,156268,1759141739999
0.19767,0.19777,0.19727,0.19752,78730,1759141799999
0.19749,0.19768,0.19686,0.19731,117608,1759141859999
0.1973,0.19734,0.19634,0.19687,142009,1759141919999
0.19687,0.19714,0.19658,0.19665,112245,1759141979999
0.19674,0.19786,0.19674,0.19701,309709,1759142039999
0.19694,0.19781,0.19687,0.19781,141822,1759142099999
0.19781,0.19809,0.19716,0.1977,128560,1759142159999
0.19767,0.1982,0.19745,0.19759,142582,1759142219999
0.19759,0.19759,0.19682,0.19711,250195,1759142279999
0.19703,0.19703,0.19593,0.19606,378963,1759142339999
0.19607,0.19706,0.1958,0.19673,275487,1759142399999
0.19678,0.19682,0.19593,0.19627,157185,1759142459999
0.19636,0.19714,0.19454,0.19487,503330,1759142519999
0.19488,0.1956,0.19464,0.195,283744,1759142579999
0.195,0.1953,0.1949,0.19529,86925,1759142639999
0.19523,0.19538,0.19508,0.19519,27933,1759142699999
0.19514,0.19525,0.19406,0.1946,295906,1759142759999
0.19451,0.19451,0.1897,0.19157,1697062,1759142819999
0.19157,0.19253,0.19156,0.1917,343471,1759142879999
0.1917,0.19183,0.19026,0.1904,635870,1759142939999
0.1904,0.19251,0.19035,0.19109,548427,1759142999999
0.19109,0.19136,0.19006,0.1905,371944,1759143059999
0.19049,0.19106,0.19044,0.19065,224180,1759143119999
0.19065,0.19091,0.18955,0.18967,315456,1759143179999
0.18964,0.18989,0.18786,0.18806,1193651,1759143239999
0.18807,0.18916,0.18795,0.18851,271624,1759143299999
0.1885,0.18886,0.18658,0.18705,599869,1759143359999
0.18705,0.18795,0.18703,0.1875,340440,1759143419999
0.18758,0.18808,0.18735,0.18758,213525,1759143479999
0.18758,0.18792,0.18704,0.18721,235573,1759143539999
0.1873,0.18986,0.18697,0.18939,672246,1759143599999
0.18928,0.18932,0.1875,0.1875,641573,1759143659999
0.18754,0.18787,0.18697,0.18704,400544,1759143719999
0.18704,0.1878,0.1869,0.18737,320132,1759143779999
0.18737,0.18839,0.18735,0.18771,356748,1759143839999
0.18771,0.1883,0.18755,0.18812,231476,1759143899999
0.18809,0.18813,0.186,0.1861,663414,1759143959999
0.1861,0.1863,0.18473,0.18475,905596,1759144019999
0.18475,0.18616,0.18474,0.18594,391699,1759144079999
0.1859,0.18596,0.1847,0.185,339519,1759144139999
0.185,0.18674,0.185,0.18647,910560,1759144199999
0.18658,0.1886,0.1863,0.18817,647370,1759144259999
0.18823,0.18824,0.18734,0.18764,263119,1759144319999
0.18763,0.18813,0.18668,0.1869,324331,1759144379999
0.18689,0.18697,0.18588,0.18617,161989,1759144439999
0.18617,0.18658,0.18611,0.18634,123730,1759144499999
0.18641,0.18724,0.18641,0.18691,165420,1759144559999
0.18697,0.18739,0.18644,0.18656,128769,1759144619999
0.18656,0.187,0.18614,0.18634,170097,1759144679999
0.18635,0.18677,0.18535,0.18559,295770,1759144739999
0.18567,0.18609,0.18567,0.18589,78687,1759144799999
0.18594,0.1865,0.18562,0.18634,152691,1759144859999
0.1863,0.18652,0.186,0.18608,108933,1759144919999
0.18609,0.18636,0.18533,0.18544,165019,1759144979999
0.18543,0.18576,0.18533,0.18558,104278,1759145039999
0.18561,0.1865,0.18561,0.18601,277586,1759145099999
0.18602,0.18648,0.18575,0.18627,242864,1759145159999
0.18633,0.18652,0.18561,0.18585,161717,1759145219999
0.18585,0.1862,0.18571,0.18614,99014,1759145279999
0.1862,0.18697,0.1862,0.18652,272102,1759145339999
0.1865,0.18686,0.18627,0.18672,150608,1759145399999
0.18672,0.19591,0.18655,0.19391,3668859,1759145459999
0.19408,0.19509,0.19301,0.194,1374300,1759145519999
0.194,0.19729,0.19395,0.19669,1059015,1759145579999
0.19669,0.1983,0.19669,0.19732,622192,1759145639999
0.19733,0.19784,0.19666,0.19674,489367,1759145699999
0.19678,0.1976,0.19611,0.19679,644627,1759145759999
0.19685,0.1987,0.19652,0.19854,485897,1759145819999
0.19871,0.20149,0.19842,0.19875,1508653,1759145879999
0.19873,0.19974,0.1985,0.19904,455919,1759145939999
0.19904,0.19999,0.19904,0.19919,205832,1759145999999
0.19919,0.1997,0.19909,0.19959,154433,1759146059999
0.19962,0.19996,0.19921,0.19958,136602,1759146119999
0.19949,0.20008,0.19939,0.19947,198776,1759146179999
0.19947,0.19962,0.19897,0.19911,170026,1759146239999
0.19913,0.19932,0.19897,0.19914,171584,1759146299999
0.19916,0.20029,0.19915,0.19926,237332,1759146359999
0.19934,0.20008,0.19928,0.19946,176042,1759146419999
0.19951,0.20002,0.19931,0.19949,198478,1759146479999
0.19943,0.19997,0.1992,0.19969,142823,1759146539999
0.19972,0.20022,0.19926,0.1997,350464,1759146599999
0.1997,0.2015,0.19951,0.20055,431264,1759146659999
0.20051,0.20143,0.20037,0.20085,315628,1759146719999
0.20081,0.20088,0.19997,0.20073,237227,1759146779999
0.20067,0.20093,0.20047,0.20054,65006,1759146839999
0.20052,0.20074,0.20017,0.20035,108161,1759146899999
0.20036,0.2015,0.20009,0.20084,194746,1759146959999
0.20083,0.20116,0.19968,0.19986,290524,1759147019999
0.19983,0.2015,0.19949,0.20054,396726,1759147079999
0.20055,0.20056,0.1985,0.19855,443375,1759147139999
0.19856,0.19931,0.19814,0.19904,469285,1759147199999
0.19901,0.19903,0.19623,0.19748,725398,1759147259999
0.19743,0.19789,0.19633,0.19784,405256,1759147319999
0.19783,0.20032,0.19742,0.19945,610664,1759147379999
0.19937,0.19976,0.19776,0.1988,482366,1759147439999
0.19877,0.19886,0.19769,0.19886,256058,1759147499999
0.19886,0.19943,0.19789,0.19801,473160,1759147559999
0.19806,0.19857,0.19779,0.19785,229525,1759147619999
0.19784,0.19784,0.19523,0.19657,891785,1759147679999
0.19649,0.19657,0.19541,0.19628,250949,1759147739999
0.19626,0.19653,0.19572,0.19581,179752,1759147799999
0.19584,0.19669,0.19534,0.19652,272150,1759147859999
0.19652,0.19652,0.19528,0.19577,237640,1759147919999
0.19577,0.19577,0.19342,0.19346,655909,1759147979999
0.1934,0.1937,0.193,0.19359,225675,1759148039999
0.19358,0.19405,0.1931,0.19332,458631,1759148099999
0.19328,0.19354,0.19301,0.19312,142272,1759148159999
0.19321,0.19423,0.19317,0.1933,312069,1759148219999
0.19333,0.19447,0.19328,0.19419,187660,1759148279999
0.19415,0.19592,0.19409,0.19581,318971,1759148339999
0.19587,0.19626,0.19562,0.1958,174521,1759148399999
0.19584,0.19589,0.19438,0.19461,150516,1759148459999
0.19463,0.19476,0.19354,0.19384,144262,1759148519999
0.1939,0.19433,0.19328,0.19329,121534,1759148579999
0.19341,0.19358,0.1931,0.19319,79725,1759148639999
0.19325,0.19334,0.19275,0.19334,193337,1759148699999
0.19331,0.19388,0.19313,0.19353,192865,1759148759999
0.19348,0.19348,0.19252,0.19259,66701,1759148819999
0.19259,0.19953,0.1925,0.19838,1972276,1759148879999
0.19838,0.19926,0.19791,0.1985,767330,1759148939999
0.1985,0.19995,0.19837,0.19936,487870,1759148999999
0.19935,0.20089,0.19899,0.19969,491018,1759149059999
0.19969,0.20031,0.199,0.19972,257041,1759149119999
0.19972,0.19975,0.1982,0.19943,319231,1759149179999
0.19936,0.19971,0.19858,0.19893,204518,1759149239999
0.19893,0.20024,0.19835,0.19982,388587,1759149299999
0.19987,0.20029,0.19793,0.19926,397328,1759149359999
0.19926,0.19938,0.19795,0.19802,173718,1759149419999
0.19807,0.19844,0.19778,0.19778,124291,1759149479999
0.19779,0.19857,0.19779,0.19825,210776,1759149539999
0.19822,0.1986,0.19764,0.19784,247916,1759149599999
0.19784,0.19784,0.19682,0.19763,310957,1759149659999
0.1977,0.19774,0.19627,0.19644,365358,1759149719999
0.19646,0.19693,0.19608,0.19625,205705,1759149779999
0.19618,0.19686,0.196,0.1968,122321,1759149839999
0.19675,0.19716,0.19658,0.1967,135239,1759149899999
0.19672,0.19798,0.1967,0.19785,126747,1759149959999
0.19789,0.1982,0.19748,0.19761,170525,1759150019999
0.19767,0.1981,0.19746,0.19792,114095,1759150079999
0.19799,0.19833,0.19666,0.19713,247145,1759150139999
0.19714,0.19759,0.19645,0.19723,275440,1759150199999
0.19728,0.19767,0.19655,0.19655,161230,1759150259999
0.19655,0.19773,0.19649,0.1974,202020,1759150319999
0.19741,0.19778,0.1968,0.19767,260354,1759150379999
0.19766,0.1982,0.1972,0.19754,143822,1759150439999
0.19751,0.19784,0.1975,0.19771,71247,1759150499999
0.19767,0.19834,0.19767,0.19823,143610,1759150559999
0.19819,0.19916,0.19762,0.1981,233567,1759150619999
0.19813,0.19854,0.19792,0.19794,85595,1759150679999
0.19792,0.19803,0.19746,0.19762,97254,1759150739999
0.1976,0.1976,0.19668,0.19673,118866,1759150799999
0.19679,0.19837,0.19677,0.19809,131530,1759150859999
0.19818,0.19828,0.19781,0.19803,65906,1759150919999
0.19796,0.19796,0.19722,0.19781,127711,1759150979999
0.19783,0.1982,0.19763,0.19796,233942,1759151039999
0.19796,0.19821,0.1972,0.19806,128814,1759151099999
0.19806,0.19806,0.19743,0.19794,92908,1759151159999
0.19794,0.19817,0.19749,0.19805,74326,1759151219999
0.19811,0.1983,0.19761,0.1977,89645,1759151279999
0.19772,0.19815,0.1974,0.19751,135842,1759151339999
0.19756,0.19822,0.19676,0.19769,356620,1759151399999
0.19774,0.19791,0.19743,0.19772,87230,1759151459999
0.19773,0.19773,0.19726,0.19733,46883,1759151519999
0.19736,0.19768,0.19714,0.19763,37006,1759151579999
0.19768,0.19833,0.19765,0.198,188097,1759151639999
0.19804,0.19919,0.19804,0.19889,172899,1759151699999
0.19887,0.20032,0.19872,0.20007,275274,1759151759999
0.2001,0.2001,0.19872,0.19897,163976,1759151819999
0.19899,0.1991,0.19849,0.19855,78121,1759151879999
0.19862,0.20055,0.19855,0.20025,560436,1759151939999
0.20025,0.20188,0.20006,0.20019,443913,1759151999999
0.20018,0.20024,0.19969,0.20012,144348,1759152059999
0.2001,0.20023,0.1994,0.19979,230020,1759152119999
0.19972,0.19972,0.19855,0.19864,108371,1759152179999
0.19866,0.19929,0.19831,0.19855,146368,1759152239999
0.19849,0.19871,0.19744,0.19772,176645,1759152299999
0.19767,0.201,0.19754,0.20075,499050,1759152359999
0.20075,0.20135,0.19985,0.2012,815391,1759152419999
0.20107,0.20151,0.2002,0.2004,311619,1759152479999
0.20039,0.20097,0.19997,0.20031,307004,1759152539999
0.20031,0.20068,0.20013,0.2006,81030,1759152599999
0.2006,0.20137,0.19983,0.20066,423248,1759152659999
0.20064,0.20176,0.20022,0.20022,374598,1759152719999
0.20033,0.20079,0.20003,0.2004,155071,1759152779999
0.20044,0.20059,0.1992,0.20015,256158,1759152839999
0.20015,0.20028,0.19928,0.19952,146308,1759152899999
0.19952,0.19997,0.19921,0.19984,137892,1759152959999
0.19992,0.20185,0.19992,0.20087,348638,1759153019999
0.2009,0.20391,0.2009,0.20376,457759,1759153079999
0.20376,0.20376,0.20224,0.20304,331079,1759153139999
0.20301,0.20548,0.20244,0.20538,1438813,1759153199999
0.20529,0.2054,0.20404,0.20454,639502,1759153259999
0.20457,0.20514,0.20325,0.2045,747960,1759153319999
0.20458,0.2056,0.20438,0.20462,388605,1759153379999
0.20464,0.206,0.20451,0.20511,329807,1759153439999
0.20514,0.20599,0.20263,0.20515,734692,1759153499999
0.20515,0.20526,0.2039,0.20409,423017,1759153559999
0.204,0.204,0.20071,0.20076,669671,1759153619999
0.20073,0.20138,0.1994,0.19949,793200,1759153679999
0.19949,0.20007,0.198,0.19946,563395,1759153739999
0.19944,0.19976,0.19893,0.19915,342015,1759153799999
0.19916,0.19971,0.19865,0.19943,256018,1759153859999
0.1994,0.20064,0.1993,0.20055,175843,1759153919999
0.20061,0.20065,0.196,0.19781,1049127,1759153979999
0.19774,0.19924,0.19704,0.19831,902878,1759154039999
0.19831,0.19911,0.19805,0.19848,238240,1759154099999
0.19847,0.19949,0.19847,0.19922,142952,1759154159999
0.19929,0.19976,0.19885,0.19939,201648,1759154219999
0.19939,0.19951,0.19856,0.19879,179457,1759154279999
0.19881,0.19922,0.198,0.1988,216535,1759154339999
0.19882,0.19893,0.19802,0.19828,153988,1759154399999
0.19827,0.19846,0.1974,0.19763,386964,1759154459999
0.19763,0.19774,0.1955,0.19648,1003988,1759154519999
0.19652,0.19709,0.19576,0.19576,496791,1759154579999
0.19577,0.19683,0.195,0.19537,666896,1759154639999
0.19535,0.1961,0.195,0.19549,382172,1759154699999
0.19546,0.19597,0.19492,0.19506,487699,1759154759999
0.19517,0.19618,0.19431,0.19466,637608,1759154819999
0.19466,0.19549,0.19437,0.19485,319714,1759154879999
0.19488,0.19542,0.19467,0.1948,209303,1759154939999
0.19491,0.19542,0.19485,0.19485,206570,1759154999999
0.19484,0.19509,0.1942,0.19432,327252,1759155059999
0.19439,0.19467,0.19401,0.19411,73878,1759155119999
0.19411,0.19486,0.19404,0.19427,153171,1759155179999
0.19426,0.19532,0.19409,0.19515,355884,1759155239999
0.19502,0.19556,0.194,0.19548,421150,1759155299999
0.19542,0.19547,0.19444,0.19453,243580,1759155359999
0.19446,0.19735,0.19415,0.19669,808428,1759155419999
0.19665,0.1968,0.19613,0.19621,153300,1759155479999
0.19617,0.19792,0.1958,0.19788,523328,1759155539999
0.19787,0.19829,0.19732,0.1976,282862,1759155599999
0.19767,0.19939,0.19767,0.19936,174884,1759155659999
0.19936,0.2,0.19911,0.1993,295424,1759155719999
0.1992,0.19974,0.19868,0.19908,168056,1759155779999
0.19901,0.20072,0.19846,0.19861,595228,1759155839999
0.19868,0.2,0.19867,0.19967,196687,1759155899999
0.1997,0.20004,0.19927,0.1993,142791,1759155959999
0.19927,0.19928,0.19892,0.19898,66579,1759156019999
0.19896,0.19926,0.19867,0.19906,95531,1759156079999
0.19906,0.19913,0.19858,0.19912,70981,1759156139999
0.19906,0.19906,0.19748,0.19819,199445,1759156199999
0.19821,0.19821,0.19747,0.19794,154057,1759156259999
0.19799,0.19824,0.19719,0.19747,230145,1759156319999
0.19757,0.19816,0.19737,0.19798,164284,1759156379999
0.1979,0.19863,0.19463,0.1961,963882,1759156439999
0.19611,0.19689,0.19603,0.19632,197399,1759156499999
0.19639,0.19742,0.19639,0.19657,107882,1759156559999
0.19667,0.1974,0.19659,0.19686,71310,1759156619999
0.19692,0.19775,0.19684,0.19714,130606,1759156679999
0.19715,0.19744,0.19697,0.19697,34249,1759156739999
0.19698,0.19727,0.19668,0.19689,77706,1759156799999
0.19689,0.19697,0.19614,0.19639,76335,1759156859999
0.19639,0.19671,0.1962,0.19656,79845,1759156919999
0.1966,0.19664,0.1958,0.19641,67439,1759156979999
0.19633,0.19652,0.19568,0.19568,70857,1759157039999
0.19568,0.19584,0.19484,0.19505,151055,1759157099999
0.19505,0.19553,0.1948,0.19528,105224,1759157159999
0.19528,0.19783,0.19525,0.19698,278569,1759157219999
0.19709,0.19769,0.1968,0.19691,230623,1759157279999
0.19689,0.19701,0.1942,0.19512,916822,1759157339999
0.19514,0.19575,0.19513,0.19538,76333,1759157399999
0.19543,0.19596,0.19524,0.19596,100688,1759157459999
0.19591,0.19654,0.19566,0.19646,175790,1759157519999
0.19647,0.20007,0.19631,0.19934,1037020,1759157579999
0.1994,0.20028,0.19911,0.19934,568651,1759157639999
0.19921,0.19957,0.19884,0.19924,279776,1759157699999
0.19925,0.19978,0.19881,0.19899,198761,1759157759999
0.19896,0.19907,0.19841,0.19855,140206,1759157819999
0.19857,0.19866,0.19806,0.19819,87570,1759157879999
0.19818,0.19874,0.19795,0.19834,131712,1759157939999
0.19836,0.1985,0.19772,0.19849,100347,1759157999999
0.19849,0.19907,0.19842,0.19864,92032,1759158059999
0.19858,0.1988,0.19816,0.19864,123873,1759158119999
0.19865,0.1995,0.19825,0.19942,141098,1759158179999
0.19949,0.20016,0.19918,0.19971,235014,1759158239999
0.19971,0.19992,0.19951,0.19986,122305,1759158299999
0.19986,0.20003,0.19968,0.19985,69492,1759158359999
0.1999,0.20015,0.19952,0.20006,156383,1759158419999
0.20003,0.2007,0.20002,0.20057,319268,1759158479999
0.20062,0.20184,0.20052,0.20135,433746,1759158539999
0.2014,0.20292,0.20122,0.20193,295148,1759158599999
0.20193,0.20233,0.20141,0.20176,209329,1759158659999
0.20163,0.20171,0.20071,0.20073,194919,1759158719999
0.20073,0.20073,0.19928,0.19974,383620,1759158779999
0.19965,0.20038,0.19956,0.20017,132874,1759158839999
0.20027,0.20035,0.19983,0.20004,94267,1759158899999
0.19997,0.20002,0.19786,0.19793,299748,1759158959999
0.19787,0.19787,0.19704,0.19708,177963,1759159019999
0.19706,0.19789,0.1967,0.19745,358336,1759159079999
0.19751,0.198,0.19744,0.19797,105641,1759159139999
0.19794,0.198,0.1976,0.19776,125661,1759159199999
0.19769,0.19799,0.19732,0.19755,110070,1759159259999
0.19749,0.1976,0.197,0.19725,74346,1759159319999
0.19725,0.19768,0.19714,0.19719,104327,1759159379999
0.19715,0.19729,0.19702,0.19722,36357,1759159439999
0.19719,0.19822,0.197,0.19822,245110,1759159499999
0.19822,0.20048,0.19822,0.19969,425570,1759159559999
0.19957,0.19989,0.19942,0.19966,55650,1759159619999
0.19966,0.19966,0.19822,0.19878,138324,1759159679999
0.19876,0.19975,0.19825,0.19846,213136,1759159739999
0.19852,0.19896,0.19766,0.19792,184438,1759159799999
0.19796,0.19804,0.1976,0.1976,72880,1759159859999
0.1976,0.19793,0.19678,0.19678,172154,1759159919999
0.19678,0.19885,0.19607,0.19816,667253,1759159979999
0.19816,0.19846,0.19785,0.19833,183809,1759160039999
0.19832,0.19832,0.1973,0.19764,96515,1759160099999
0.19768,0.19885,0.19727,0.19846,286773,1759160159999
0.19849,0.19885,0.19799,0.19812,107002,1759160219999
0.1981,0.19816,0.19777,0.19782,50556,1759160279999
0.19778,0.19812,0.19753,0.19769,45881,1759160339999
0.1977,0.19836,0.19756,0.19835,58950,1759160399999
0.1983,0.19858,0.1982,0.19846,34859,1759160459999
0.19846,0.19924,0.19843,0.19896,175565,1759160519999
0.19894,0.19901,0.19856,0.19878,86909,1759160579999
0.19875,0.19875,0.19791,0.19871,83969,1759160639999
0.19867,0.19868,0.1981,0.1981,89485,1759160699999
0.19812,0.19971,0.19796,0.19916,255130,1759160759999
0.19922,0.1997,0.19907,0.1995,59201,1759160819999
0.19948,0.1995,0.198,0.19874,182675,1759160879999
0.19868,0.19938,0.19835,0.19917,220661,1759160939999
0.19929,0.19942,0.19907,0.19907,58435,1759160999999
0.19907,0.19932,0.1987,0.1992,115316,1759161059999
0.19923,0.20017,0.1992,0.19998,143898,1759161119999
0.2,0.20049,0.19962,0.20027,116534,1759161179999
0.20027,0.20029,0.19925,0.19925,283199,1759161239999
0.19925,0.19932,0.19835,0.19837,133873,1759161299999
0.19841,0.1987,0.19817,0.19845,79902,1759161359999
0.19837,0.19854,0.19736,0.19736,165710,1759161419999
0.19738,0.19779,0.1965,0.19667,311318,1759161479999
0.19676,0.19767,0.19676,0.19762,174248,1759161539999
0.19762,0.19826,0.19762,0.19808,58978,1759161599999
0.19812,0.19827,0.19765,0.198,218450,1759161659999
0.19801,0.19966,0.19796,0.19947,249833,1759161719999
0.19947,0.2005,0.19931,0.20009,325490,1759161779999
0.20011,0.20011,0.19909,0.2,386169,1759161839999
0.19992,0.19992,0.1989,0.19957,129055,1759161899999
0.19946,0.19946,0.19871,0.19922,81111,1759161959999
0.19922,0.1995,0.19763,0.198,300137,1759162019999
0.19809,0.19829,0.19775,0.19792,110937,1759162079999
0.19804,0.20031,0.19804,0.20025,200030,1759162139999
0.20017,0.20093,0.20011,0.20081,332398,1759162199999
0.20082,0.20088,0.20039,0.20044,132349,1759162259999
0.20043,0.20043,0.19956,0.19956,135913,1759162319999
0.19957,0.19957,0.19856,0.19919,207572,1759162379999
0.19924,0.19942,0.199,0.19925,70169,1759162439999
0.19921,0.20051,0.1987,0.19883,383003,1759162499999
0.19885,0.19896,0.19768,0.19826,217370,1759162559999
0.19826,0.19858,0.19816,0.19856,75441,1759162619999
0.19856,0.20018,0.19856,0.20017,184032,1759162679999
0.20016,0.20077,0.19989,0.20012,195337,1759162739999
0.20012,0.20027,0.19958,0.19984,165668,1759162799999
0.19985,0.20024,0.19979,0.20024,45089,1759162859999
0.20024,0.20089,0.20015,0.20045,198809,1759162919999
0.20045,0.201,0.20017,0.2008,141976,1759162979999
0.20074,0.20098,0.2006,0.20085,115077,1759163039999
0.20073,0.20085,0.20005,0.20067,107847,1759163099999
0.20067,0.2025,0.20038,0.20232,590533,1759163159999
0.20229,0.20287,0.20171,0.20287,332055,1759163219999
0.20282,0.20384,0.20242,0.20351,381350,1759163279999
0.20351,0.2052,0.20333,0.20498,669422,1759163339999
